type,time, nodes  expanded , maximum  depth ,steps,operations
greedy,0.0015156269073486328,95,95,94, +1  -1  -1 
greedy,0.00025653839111328125,19,9,8, *5  +10  -5 
greedy,0.0020904541015625,105,105,104, +1  +1  +1  +1  +1 
greedy,0.001714468002319336,85,30,29, *5  +50  /3  -15 
iterative,2.3671963214874268,465765,9,9, *5  +50  /3  -15 
greedy,0.0006303787231445312,26,11,10, *5  +17  /3  -5 
iterative,0.01193380355834961,3955,6,6, *5  +17  /3  -5 
